timestamp_ms,ax,ay,az,gx,gy,gz
201,-0.1699,0.9574,0.9938,-2.3398,4.8820,55.8141
211,0.0385,1.0508,0.9842,-1.5612,5.8438,77.8751
221,0.3307,1.0676,1.0010,-0.0345,8.9583,97.6919
231,0.1798,1.3861,0.9291,-1.9581,3.8744,113.4324
241,0.7738,1.0245,1.6308,-11.8818,20.0728,121.2645
251,0.3642,0.7251,1.3219,-10.9352,23.9049,124.5927
261,0.4648,0.4832,0.9483,-12.4009,27.7522,124.1194
272,0.1008,0.2293,1.1566,-10.8894,24.3324,113.4171
282,-0.3088,0.5287,0.9004,-7.4543,22.7446,88.7759
292,-1.1758,-0.7503,0.7255,-4.6910,23.7217,55.0813
332,-0.6944,-0.0653,1.2357,4.7594,49.6301,-33.4684
342,-1.1111,-0.6545,1.3123,5.4464,76.3171,-42.8577
352,-1.0488,-0.5634,1.1159,6.2556,102.7904,-47.7126
362,-1.2716,-0.1659,1.1159,6.2556,115.9812,-48.2165
372,-1.7578,-0.7622,1.0441,6.1487,129.2026,-46.6287
382,-1.2859,0.0473,1.0536,6.8816,150.7140,-43.8348
392,-1.5686,0.7921,1.3530,6.6831,175.4774,-34.5218
402,-2.1146,1.1801,1.1614,3.2022,206.2255,-17.2241
412,-1.3650,0.7921,0.9243,-3.7291,239.6911,-3.2088
422,-2.2823,0.5335,0.0573,-3.5917,244.6988,-2.2623
432,-3.2954,0.4329,-1.1713,-3.8971,196.7446,3.8751
442,-2.9601,0.0138,-1.9832,-7.6833,103.2484,16.0889
452,-2.1290,-0.7287,-0.6804,-19.6681,-5.4081,35.3561
462,-1.8464,-0.5060,0.4621,-33.2558,-50.3394,57.4477
472,-1.5877,0.2077,0.3495,-46.4772,-86.7669,92.0584
482,-1.3865,1.1059,1.2405,-58.0345,-90.7669,126.0584
492,-2.9361,2.4591,2.3134,-57.7139,-13.2402,142.3637
502,-4.5360,1.3933,0.2178,-53.5917,79.0041,122.7759
512,-4.5144,-0.2162,-0.5822,-34.7978,95.5232,86.3484
522,-4.5384,0.0018,-0.7522,-12.0803,80.4392,38.5011
532,-4.8785,1.3310,-1.0659,6.1640,67.5079,-1.8500
542,-5.1707,1.0676,-0.9270,18.4083,55.0805,-26.9493
552,-4.9072,-0.1347,-0.6660,26.6373,62.5156,-43.7584
562,-4.6102,-0.9155,-0.4696,30.8816,87.4163,-56.0180
572,-4.2534,-0.9371,0.0046,35.9503,104.8056,-62.5523
582,-4.1073,-0.3766,0.1651,38.0877,130.6377,-61.5294
592,-4.7132,0.2365,0.1795,36.0571,162.6377,-49.3615
602,-5.0437,0.3586,0.1819,30.3930,169.5232,-27.9264
612,-4.7539,0.3347,0.5770,24.1335,151.8896,-4.6592
622,-4.3659,0.6101,0.1507,21.4312,116.6988,13.2950
632,-4.2989,0.6868,-0.2924,21.1564,88.1186,19.7530
642,-5.8509,0.6987,-0.4504,22.7289,80.0728,22.4400
652,-7.5849,0.4688,-1.2815,20.7594,100.8056,33.1271
662,-7.3430,0.3754,-0.9414,15.8892,129.1110,50.9133
672,-6.1071,1.0580,-0.6109,17.5838,131.1110,56.8370
682,-5.1635,1.3526,-0.7522,19.8892,106.7446,44.0736
692,-6.4496,0.8281,-0.1870,6.1640,32.7446,2.4706
702,-7.3046,0.8568,0.0525,-19.5307,-44.4310,-38.5065
712,-7.0220,0.8233,0.4549,-45.6223,-80.8279,-60.2317
722,-6.7705,0.0329,1.0776,-69.3627,-87.7287,-66.1249
732,-6.5813,-0.2880,1.1973,-94.4314,-84.9806,-65.3004
742,-6.0832,0.2604,1.0129,-125.9887,-83.9577,-65.7279
752,-5.8245,0.5550,0.8094,-151.2253,-88.1714,-71.1020
762,-5.6233,0.1479,0.4070,-171.9734,-104.5837,-77.3157
772,-5.3335,-1.0544,-0.0337,-178.8436,-112.0646,-80.7203
782,-5.1707,-2.2783,0.0477,-175.3474,-107.4081,-80.8424
793,-5.4796,-2.9824,1.5422,-164.4009,-120.2020,-86.2317
803,-5.5587,-2.6256,1.4249,-152.0039,-149.0417,-94.2928
813,-5.4102,-2.6471,0.6848,-145.5612,-165.6524,-100.7355
823,-5.2737,-2.5298,0.0573,-146.0192,-171.0570,-107.4684
833,-5.0725,-2.0148,-0.4456,-148.6146,-170.7211,-115.6821
843,-4.5504,-1.4688,-0.8360,-148.4772,-164.6600,-126.7813
853,-4.1001,-1.7442,-1.2001,-143.2558,-147.0875,-140.8577
863,-3.8989,-1.8807,-1.5809,-134.7673,-127.7440,-150.9645
873,-4.8186,-0.3431,-2.3856,-124.6299,-98.5073,-146.2165
883,-2.8283,-3.4039,-1.5306,-120.8131,-102.4005,-138.7355
893,-0.1914,-7.5833,-0.8696,-117.5917,-138.8585,-139.7737
903,-0.5052,-8.1173,0.1364,-105.7749,-172.9196,-138.1096
913,-0.8836,-6.8863,-0.7306,-87.9123,-224.5531,-125.7890
923,-0.1004,-5.5331,-2.1868,-72.2787,-254.8279,-107.9416
933,1.7390,-4.4769,-3.9160,-52.3246,-245.0570,-84.4302
943,3.0921,-3.8398,-4.8621,-37.1184,-192.1104,-64.0791
953,2.8814,-3.6674,-4.3040,-24.5536,-142.2936,-44.1401
963,3.2023,-4.2853,-3.6550,-7.3475,-110.8737,-21.0867
973,2.5269,-3.9572,-3.4777,10.0877,-87.1944,-7.6668
983,1.8611,-4.0865,-2.9389,27.5838,-66.5989,4.6385
993,0.9606,-4.9176,-2.0407,44.7136,-66.5531,15.4935
1033,1.1043,-5.8325,-2.4934,101.5380,-68.7058,15.9973
1043,1.1067,-5.5978,-1.7749,108.0724,-54.6600,6.7912
1053,1.2360,-5.2960,-0.9917,109.4464,-45.3623,-2.1707
1063,1.4827,-5.0062,-0.2205,105.7671,-34.7974,-7.9264
1073,1.9521,-4.2446,1.1806,98.3777,-27.7440,-11.5905
1084,2.1461,-2.2328,2.3230,84.5762,-26.3852,-11.3920
1094,1.8276,-0.5587,1.3794,66.3777,-37.1028,-6.0638
1104,1.7054,-0.0198,-0.2109,44.4083,-34.8127,4.2110
1114,1.8707,-0.1491,-1.1713,30.3930,2.0728,16.8370
1124,1.0899,-0.9490,-1.0659,24.5457,44.4850,27.5851
1134,0.1319,-2.1490,-0.7594,19.7060,44.8057,31.0355
1144,-0.1986,-3.2435,-0.6444,17.5228,35.5690,27.9362
1154,0.7522,-4.3643,-0.5534,13.8739,34.2408,17.0660
1164,2.2731,-4.3140,-0.8743,6.0724,60.6072,-0.8271
1174,2.9125,-4.1129,-0.5893,-3.8971,108.8667,-16.5829
1184,2.8982,-3.5500,0.2345,-13.3780,144.0728,-33.2546
1194,2.3832,-2.7477,0.2489,-19.9429,153.0194,-51.6821
1204,1.5545,-2.5681,-0.1774,-24.0345,134.1034,-69.8501
1215,0.7331,-2.9944,-1.1857,-26.9810,87.8591,-86.1096
1225,0.2804,-3.6722,-1.8659,-30.2788,28.3782,-97.0256
1235,0.5319,-4.4673,-2.0479,-34.1108,-36.1104,-104.4455
1245,1.7893,-5.7199,-1.7677,-40.5536,-95.9272,-109.7737
1255,2.6754,-6.5654,-1.0444,-49.8513,-121.9577,-111.5752
1265,2.4383,-6.7067,-0.2349,-65.5459,-118.2631,-107.4073
1275,2.2108,-6.4887,-0.6325,-80.0803,-82.4615,-95.4226
1285,2.1677,-5.7008,-0.9869,-86.4314,-15.5302,-79.1020
1295,1.5521,-4.6302,-0.6277,-78.0039,20.4850,-70.6897
1305,1.7150,-4.5296,-0.5486,-55.8055,27.7522,-73.6668
1315,2.3090,-5.1092,0.2154,-26.8894,32.5308,-81.6974
1325,2.5461,-5.2816,0.3136,4.9426,27.2026,-86.0791
1335,2.4886,-5.2194,-0.1199,36.3167,24.0270,-81.4073
1345,2.2299,-4.8362,0.0334,64.7442,21.1415,-68.8882
1356,2.2683,-4.3859,0.3399,89.7671,17.5232,-54.2775
1366,2.6084,-4.2374,0.1890,106.0724,15.9354,-48.1096
1376,2.2036,-3.8231,0.0406,112.9274,20.1644,-49.1172
1386,1.9928,-3.6554,-0.0672,113.3548,23.9965,-53.3768
1397,2.1437,-3.6075,0.1340,107.4922,31.0957,-58.6592
1407,2.3305,-3.5357,0.3543,96.3167,37.7064,-59.1783
1417,1.7246,-3.3081,0.3160,82.9732,40.9278,-52.5065
1427,1.2959,-2.9010,0.3782,70.0113,41.9507,-41.9111
1437,1.1450,-2.4459,0.6010,52.7594,42.2866,-25.4989
1447,0.8504,-2.1274,0.8477,37.2938,40.6377,-9.9722
1457,0.6181,-1.9334,1.1926,22.2556,38.4240,3.2339
1467,0.5151,-1.9693,1.4608,7.9808,35.2179,11.6461
1477,0.4792,-2.1753,1.7578,-4.2635,33.9965,14.8522
1487,0.2517,-2.4076,2.2009,-14.2787,34.3629,11.7377
1497,-0.3830,-2.5010,3.3816,-22.0039,23.5690,3.7835
1507,-0.4118,-2.6351,3.7121,-29.3322,-2.8737,-1.5447
1517,0.2876,-2.8531,3.4223,-38.3246,-10.0340,2.5469
1527,0.8528,-3.4423,3.1205,-47.9123,-0.7516,18.8522
1537,1.0157,-4.4362,3.1996,-57.0574,17.4316,47.2645
1547,0.3043,-5.1547,3.6546,-63.9887,32.3476,86.2110
1557,-0.9195,-5.1643,4.1001,-69.1337,34.3934,128.3484
1567,-2.1362,-4.6541,3.1684,-75.9581,30.6988,162.4706
1578,-3.0559,-5.5690,2.7397,-87.0879,46.6682,185.8141
1588,-2.9074,-7.3174,2.3374,-104.4314,51.4927,185.0507
1598,-2.4356,-6.8025,0.7159,-126.2635,60.1797,168.0431
1608,-3.1996,-6.0552,-2.0599,-168.6604,121.3247,139.7836
1619,-3.8342,-5.4756,0.3256,-207.9123,154.5919,105.9515
1629,-2.4475,-4.5512,0.2393,-234.5078,122.6988,53.8751
1639,0.5247,-2.9920,0.2633,-237.3627,69.2026,-10.0485
1649,0.1151,-4.4122,0.6609,-210.0345,12.9736,-71.5142
1659,-0.3687,-6.3307,-0.3666,-167.8207,-30.3699,-100.1096
1669,-0.3687,-6.3786,-2.6778,-122.7826,-27.3012,-105.0104
1679,-3.5373,-5.9091,-10.8544,-97.0268,39.8285,-92.8119
1689,-5.8700,-4.9272,-8.4977,-84.9658,183.1873,-61.0256
1699,0.9941,-9.3053,-3.5328,-68.5841,206.3171,-63.7584
1709,-0.7878,-10.7590,0.2322,-33.3627,168.3171,-108.4455
1719,-1.4440,-9.0346,1.1782,5.8129,108.3324,-136.8729
1729,-0.4573,-6.8671,0.5028,44.0266,53.8896,-136.1554
1739,1.0013,-5.4229,-0.1343,68.7289,17.3858,-116.6134
1749,3.2239,-4.6661,-0.5726,87.9808,-12.0035,-96.0027
1759,6.4739,-3.9548,-0.9749,108.2098,-25.0875,-81.4226
1769,9.1755,-2.2615,-0.6085,123.8434,-5.9882,-69.7890
1779,12.3513,0.9742,1.7003,133.8587,46.9278,-43.7432
1789,15.7594,6.0085,4.5480,115.0953,115.0194,1.4019
1799,18.0179,10.2429,7.3023,61.8129,148.6530,42.2874
1837,12.4112,9.2992,7.3023,-271.8054,94.1492,258.8370
1847,7.9756,5.3187,1.8081,-269.2864,54.5156,289.8293
1857,2.5916,2.8231,-2.5580,-231.5765,41.6301,302.6996
1868,-4.0857,-0.3239,-5.3602,-184.7978,42.9125,308.3790
1878,-10.7583,-2.9082,-6.5841,-164.7368,47.2637,302.7301
1888,-18.6331,-6.2181,-8.5935,-164.8742,46.5156,281.0355
1898,-24.8122,-9.6358,-10.9071,-177.9887,58.3476,247.2339
1908,-31.9973,-14.1911,-14.2314,-204.7520,93.7217,183.2339
1918,-37.0101,-17.6735,-16.7054,-225.9734,123.4774,111.9973
1928,-40.1356,-20.9139,-20.0824,-235.9887,141.2178,12.6080
1938,-40.3727,-21.9150,-23.2534,-216.7978,132.3324,-69.7890
1948,-39.6302,-21.7953,-25.5550,-161.4085,92.2102,-134.1859
1958,-33.5133,-21.2756,-26.2855,-60.5841,49.9812,-195.0256
1968,-27.9258,-17.6304,-23.8450,49.9045,20.3934,-245.2852
1978,-19.5456,-12.8283,-19.2657,140.7747,1.7369,-287.6210
1988,-6.4736,-4.0722,-9.7766,195.2174,23.3095,-321.4226
1998,4.3352,4.2122,-0.0529,169.6907,56.4850,-319.8806
2008,17.6730,12.3409,10.0781,68.6831,108.3629,-287.0562
2018,27.9165,16.9753,14.7484,-46.6146,168.1797,-237.8500
2028,33.1185,19.0039,17.9697,-133.3474,203.8896,-164.4607
2038,32.2132,18.7692,19.9048,-158.8894,160.6530,-64.6134
2048,27.9956,17.0376,18.4008,-130.0650,46.3324,43.7072
2058,22.5325,14.7144,12.0564,-88.0803,-74.6295,146.8828
2068,17.0695,12.1637,4.8641,-80.4314,-111.8508,209.6462
2078,6.9984,7.4383,-3.0586,-106.1566,-87.8966,258.1958
2088,-3.2666,2.1381,-8.8090,-136.3856,-56.4005,275.4477
2098,-15.3112,-5.3319,-15.0600,-161.8818,-39.6676,270.8217
2108,-23.8111,-11.0776,-19.4238,-162.9505,-56.5226,243.4019
2118,-28.5556,-14.8976,-23.4833,-143.9429,-90.6600,213.8141
2128,-31.1614,-19.2590,-26.2616,-107.2253,-111.8356,176.3332
2138,-32.0859,-21.9941,-28.7452,-57.0268,-109.9424,117.0812
2148,-31.9302,-23.0455,-29.4326,-9.3475,-90.5226,52.2874
2159,-30.3256,-22.6910,-27.3920,44.5304,-70.9501,-15.9722
2169,-27.2863,-20.7942,-23.4211,96.9579,-49.1333,-76.2470
2179,-22.8100,-17.5777,-18.1400,138.5915,-37.5760,-130.3539
2189,-15.0358,-12.6799,-13.2925,163.8892,-38.9043,-178.6745
2199,-6.2676,-7.6599,-9.6162,169.5381,-21.0417,-201.5294
2209,1.7366,-2.4986,-4.1340,160.4693,6.6988,-200.5523
2219,8.7659,2.4447,2.6942,137.8739,15.5843,-179.2546
2229,15.3020,6.5258,8.1836,110.1640,4.2255,-139.8195
2240,20.2405,9.3304,11.3738,75.7823,-3.4692,-79.9875
2250,20.3602,9.6633,12.6360,43.9197,-11.8814,-17.8653
2260,17.3401,8.2167,11.4001,16.9732,-42.2631,39.6461
2270,13.0961,5.8289,7.3525,-1.7597,-75.4844,87.1118
2280,7.8127,3.0818,2.3350,-8.0039,-95.6829,127.7530
2290,0.5055,-0.8101,-2.7353,-7.6528,-101.1486,161.0965
2300,-7.3956,-5.4301,-6.5458,-9.3016,-95.7592,175.8904
2310,-15.8429,-10.6249,-10.0329,-12.5383,-90.2478,169.0965
2320,-22.7645,-15.6401,-12.9405,-10.2635,-87.2402,139.2950
2330,-28.0814,-18.5956,-14.9283,2.6525,-79.6982,94.8675
2340,-30.1388,-20.9451,-15.8911,26.8968,-67.1180,32.7912
2350,-29.1520,-20.9211,-15.2876,58.7594,-51.3776,-41.4378
2360,-25.0996,-18.8686,-13.1129,86.9426,-49.1180,-100.0485
2370,-18.7409,-15.6712,-10.9238,106.3777,-53.0722,-141.2699
2380,-9.0698,-10.7231,-8.1528,116.1182,-33.2096,-175.3157
2390,-0.3830,-5.2960,-4.5220,104.6068,6.5614,-189.3462
2400,7.6523,-0.1635,-0.1295,79.3090,43.4774,-184.9493
2410,14.9475,4.5308,4.3995,54.0877,56.3782,-161.8195
2420,21.1243,8.5280,7.5130,36.8816,37.2484,-115.5905
2430,24.3551,10.7650,7.6687,26.3319,2.2866,-44.4760
2440,22.4774,9.8357,5.6257,19.2938,-23.4234,41.6156
2450,16.5785,7.0958,3.2499,12.5762,-32.2631,104.0431
2460,8.4498,3.4650,0.7088,3.4312,-31.5760,148.1500
2470,0.1271,-0.7670,-1.4971,-6.0955,-28.6295,173.8141
2480,-10.4900,-6.8504,-4.6273,-17.9887,-25.7287,183.7225
2490,-19.6222,-12.9912,-7.3768,-24.4314,-12.8279,166.4858
2500,-27.0324,-18.0734,-9.0294,-25.3016,4.5003,121.6461
2510,-31.2069,-21.2109,-9.7934,-19.3627,13.0652,58.0431
2520,-31.6811,-22.4420,-10.2006,-5.4085,10.1186,-8.2317
2530,-28.4814,-21.9127,-9.9611,21.1716,-3.1485,-77.4531
2540,-21.5574,-18.6458,-8.7995,51.2632,-19.1027,-139.2699
2550,-12.3533,-13.4966,-6.8020,73.4617,-16.1256,-183.8195
2586,22.3170,10.5159,6.5263,3.7365,48.7904,-113.7890
2597,23.4019,12.1685,7.1705,-11.9429,29.8133,-28.5218
2607,20.9087,10.9350,6.0976,-10.8894,3.1110,45.9515
2617,15.5942,8.4299,4.1456,-9.4391,-18.6447,108.9438
2628,7.0583,4.1667,0.6657,-19.0268,-34.3241,162.0431
2638,-3.0008,-2.2160,-4.4765,-35.1184,-30.7363,188.8675
2648,-11.6444,-8.0359,-8.0905,-43.6986,-9.3776,185.8446
2658,-20.7886,-14.0642,-10.2173,-43.7139,15.9354,156.8217
2668,-28.3640,-19.0937,-11.1705,-33.9429,25.5995,98.6385
2678,-31.3818,-21.5845,-11.8387,-20.3551,22.8056,32.4858
2688,-31.3147,-22.4060,-11.7861,-1.3475,14.0270,-31.5447
2698,-28.4862,-21.7306,-10.8161,26.5915,-10.4615,-90.9188
2708,-21.4496,-18.5213,-9.7335,59.8434,-40.4921,-148.2012
2718,-9.4266,-11.4871,-7.1469,89.2174,-38.9959,-196.8424
2728,0.9797,-4.0602,-3.0802,91.4159,-6.6295,-212.3081
2738,11.4699,3.9895,1.8248,61.4617,28.6682,-197.4836
2748,20.4393,10.1136,4.7827,7.9808,47.3858,-144.4913
2758,23.8929,12.2619,5.4389,-23.4085,48.0728,-70.6287
2768,22.2284,11.2871,4.8641,-25.5001,26.5308,11.6003
2778,17.4000,8.0227,3.1517,-10.2787,-5.6218,81.1271
2788,10.8233,3.9392,0.5315,1.8739,-24.9043,130.1194
2798,2.5724,-0.9993,-1.9114,1.3548,-21.0264,158.7912
2808,-6.8520,-6.7785,-3.6214,-6.6910,-3.9119,163.8293
2818,-16.1542,-12.7086,-4.2873,-13.2253,11.1415,144.4095
2828,-23.9428,-17.7357,-4.3567,-13.0421,9.0805,103.6309
2838,-28.1293,-20.4804,-5.2596,-5.6223,-9.8356,47.4782
2848,-28.8335,-21.4336,-6.4212,6.4846,-19.2402,-12.1096
2858,-27.3390,-20.5188,-5.6907,17.8129,-24.9653,-71.8959
2868,-20.7862,-16.8663,-5.5111,26.8968,-53.0264,-135.9722
2879,-10.4445,-11.2716,-6.6416,31.6144,-57.3012,-180.3997
2889,1.7869,-3.8326,-6.4284,23.4006,-14.4768,-200.1248
2899,11.0987,2.4710,-4.6082,3.3548,30.2713,-185.7737
2909,18.3077,7.0791,-2.9101,-14.1261,53.1110,-145.1325
2919,22.0727,10.0345,-1.5450,-12.4162,48.5919,-73.5905
2929,21.3422,9.9842,-0.9294,10.1487,28.7446,3.7988
2939,17.1701,7.6155,-0.3906,34.1487,17.3705,71.1423
2949,10.0185,3.9631,0.2896,41.2785,15.6606,120.3790
2959,0.9151,-1.3131,0.3280,31.4159,16.9736,149.4935
2969,-8.9189,-7.7389,-0.2876,14.5762,19.0805,153.3561
2979,-18.2283,-14.3707,-0.9917,1.3548,16.5766,129.9362
2989,-24.8026,-19.4530,-1.6144,-3.5307,5.7064,79.0812
2999,-27.4396,-21.7163,-3.0323,-2.4009,-11.6524,12.3637
3009,-26.8049,-21.5989,-4.4884,4.1029,-25.8814,-51.5447
3019,-23.4566,-19.9032,-4.9435,16.5151,-44.9806,-107.3157
3029,-15.9363,-16.0305,-5.7099,35.3243,-65.4234,-158.7661
3039,-4.1480,-8.6826,-6.0308,48.3319,-52.7821,-199.7737
3049,7.0655,-0.5970,-5.2836,40.3167,-15.3012,-205.9722
3059,16.2648,6.3462,-3.8561,17.3090,26.1492,-170.2928
3069,21.1841,9.9387,-2.3904,-2.1566,50.3324,-109.9875
3079,21.9170,10.9566,-1.1785,-5.8360,54.1797,-22.2775
3089,18.6406,9.2394,-0.3738,11.7823,43.0499,53.0965
3099,12.9405,6.2576,0.2848,31.3396,28.8820,113.1423
3109,6.0237,2.2363,0.0932,35.8434,22.2866,152.9438
3119,-2.5745,-3.0471,-0.0600,23.5991,32.1034,173.8293
3129,-13.1581,-10.2058,0.0214,1.1106,35.0347,170.2568
3139,-21.4065,-16.7155,-0.5654,-16.2024,22.5461,137.4324
3149,-26.7594,-21.3905,-1.8012,-24.3551,8.1186,79.5087
3159,-28.3760,-23.3545,-3.2430,-22.8742,-1.1485,8.0584
3169,-26.9079,-22.5521,-4.1651,-13.2864,-7.1485,-60.7661
3179,-22.5633,-19.7020,-4.6705,0.6678,-22.2173,-118.1859
3189,-13.7616,-15.1826,-5.1087,14.8663,-31.9272,-171.4226
3200,-0.5722,-6.9773,-4.7088,19.9961,-11.6218,-212.6439
3210,12.6938,3.5344,-3.4322,2.1487,20.0576,-211.1172
3220,22.3194,11.1458,-2.3473,-18.8131,37.1873,-169.9264
3230,28.8386,16.2927,-1.5545,-28.2329,50.6988,-85.9264
3240,28.6398,17.6914,-0.6325,-17.1642,45.3705,19.6919
3250,23.8067,15.5838,-0.6133,6.0877,22.4545,119.4629
3260,14.8948,11.1266,-1.3701,24.8510,12.4850,204.1652
3270,3.8442,5.2349,-1.8395,22.0419,22.6988,257.6156
3280,-9.3620,-3.2602,-2.1868,3.1716,31.9507,283.5240
3290,-23.6890,-14.6342,-2.3784,-17.5612,17.8896,264.0584
3300,-32.4332,-22.0803,-3.3939,-21.2558,-8.8432,205.2950
3310,-37.5729,-26.9278,-5.0800,-7.8055,-25.6676,107.0812
3320,-38.0734,-28.0295,-5.5542,10.8358,-26.1562,23.8599
3330,-36.0329,-25.8860,-4.9626,27.3548,-30.6142,-59.8348
3368,8.1864,3.0914,-1.3198,-6.9658,15.5079,-244.2775
3378,20.4944,10.8704,-0.2971,-35.6528,26.2866,-205.5294
3388,28.8889,16.4723,0.0621,-43.4696,32.3629,-126.9951
3398,30.5199,18.5297,0.8070,-31.4696,27.4163,-20.6745
3408,26.3310,16.6520,1.2524,-10.1413,6.4240,81.5087
3418,19.0765,12.7169,0.7375,6.1182,-13.9424,159.5851
3428,8.5336,6.7390,-0.7929,7.5991,-16.0798,219.2034
3438,-3.3864,-0.5251,-1.8850,-4.2024,-0.4005,248.5774
3448,-16.0033,-9.4011,-2.1820,-20.2788,11.3400,244.4248
3458,-26.8480,-18.0950,-2.1605,-31.4391,6.9125,201.4171
3468,-34.2390,-24.1280,-2.7329,-32.5536,-10.4615,127.5393
3479,-36.6843,-26.9206,-4.0406,-24.5994,-30.5073,34.0736
3489,-35.7718,-26.8416,-4.6441,-12.1566,-43.6066,-43.1020
3499,-32.2655,-24.1496,-4.6561,6.0113,-70.9501,-113.7126
3509,-21.6652,-18.0112,-4.9387,28.6373,-88.2020,-193.2394
3519,-8.5405,-8.9245,-4.6633,30.0571,-55.2096,-247.5600
3529,2.6179,-0.0629,-3.1855,4.3167,-10.6447,-260.2317
3539,15.5989,9.0502,-1.6072,-43.0421,18.2560,-229.9722
3549,26.2759,14.8389,-3.3460,-73.4085,23.8744,-169.8042
3559,31.8515,17.8638,-5.7314,-69.3932,31.8591,-75.2394
3569,30.4912,17.0855,-5.9662,-31.4696,32.9278,35.9209
3579,22.3936,12.7624,-4.5411,20.6067,22.3782,142.5164
3589,12.7752,7.6946,-3.0802,47.2022,19.3095,202.8064
3599,0.7283,0.6820,-1.5521,46.3777,31.2484,238.3942
3609,-12.0013,-7.5401,-0.0121,19.6907,47.8591,240.4248
3619,-25.2577,-16.6580,0.8213,-17.0574,47.5079,204.5011
3629,-34.4282,-23.7808,-0.1319,-41.8971,32.6835,143.4629
3639,-39.6733,-28.7385,-1.6240,-49.5001,17.3553,60.2568
3649,-40.7104,-29.7348,-1.8803,-37.5459,10.5919,-37.5447
3659,-37.3621,-26.5877,-0.6851,-16.7978,-12.7516,-132.6439
3669,-25.1212,-18.9452,-1.3055,6.7136,-64.0188,-225.0256
3679,-10.4014,-9.7028,-2.9963,16.9121,-60.6142,-278.7661
3689,5.7267,1.9513,-3.0993,-5.4696,-21.6371,-292.6745
3700,21.1722,12.0200,-3.3580,-58.1871,8.5461,-246.6897
3710,32.4120,18.1057,-5.3339,-85.3322,19.5995,-158.2928
3720,36.7015,21.0420,-6.9002,-61.0726,13.6301,-52.1554
3730,34.3208,20.9247,-7.3672,-7.7139,-1.1485,66.5164
3740,26.3454,17.4279,-6.3661,41.5533,-6.8737,168.3179
3750,14.8277,12.3529,-5.0704,62.2709,3.2484,239.6156
3760,0.6804,5.0385,-3.6310,52.6984,30.6530,287.9820
3770,-17.0883,-6.5175,-1.1474,20.5762,54.8820,305.4629
3780,-30.3902,-16.6724,0.6752,-5.8818,35.4469,273.6920
3790,-40.5068,-26.1159,0.5698,-17.9734,-11.4081,186.2263
3801,-43.9915,-30.1491,-1.3797,-13.3169,-43.0722,60.8980
3811,-42.6096,-29.9863,-1.7701,-5.8665,-44.0035,-46.6134
3822,-36.9190,-25.7974,0.0621,2.4541,-65.2554,-152.6287
3832,-22.3382,-17.2543,-1.0971,12.0113,-107.3165,-242.3997
3843,-3.3529,-4.9032,-3.3676,2.0724,-98.4463,-281.4836
3853,13.3333,5.9941,-5.1279,-33.1032,-66.0340,-267.6058
3863,28.3213,14.5084,-7.9013,-70.6299,-28.0340,-214.7355
3873,37.7577,20.2397,-9.4916,-72.9200,12.0728,-122.9798
3883,38.1313,21.5905,-9.0988,-33.8665,26.4087,12.8522
3893,29.8541,17.8399,-7.3122,15.0953,27.9354,131.6614
3903,17.9796,12.2403,-5.5255,42.4846,33.6148,206.9897
3913,0.2660,3.3332,-4.0693,39.0953,54.3934,260.4553
3924,-19.1336,-9.0897,-1.8491,11.4770,84.9736,272.1805
3934,-36.4377,-22.3773,1.3506,-12.6452,85.4774,226.0126
3944,-49.1648,-31.6915,1.9901,-26.4162,51.9354,120.2568
3954,-54.8146,-35.7463,1.2069,-28.1261,21.1415,-19.5905
3964,-52.4292,-33.5261,1.7314,-20.7215,-7.2249,-147.0562
3974,-41.2301,-26.0800,0.7447,-14.5536,-48.8890,-266.1707
3984,-24.7619,-15.6305,-2.2347,-14.6146,-70.2325,-346.3691
3994,-1.1566,-0.5275,-6.0356,-26.8894,-35.8814,-396.1554
4004,18.5831,12.8295,-6.2967,-51.4238,16.8667,-387.2546
4014,35.3004,23.1209,-5.7434,-61.5154,31.9965,-316.1554
4024,46.1642,29.5324,-6.5410,-41.4696,22.5766,-189.7126
4035,47.0048,30.5263,-7.1158,-2.2940,16.4545,-13.0562
4045,37.2667,25.7458,-5.6979,24.1029,31.5232,134.0431
4055,17.8598,16.3550,-3.9304,19.3396,52.3171,251.6156
4065,-0.9411,5.6349,-3.6574,-1.0421,57.6148,312.0125
4075,-20.9227,-8.8694,-3.3316,-20.0803,52.3171,329.1118
4085,-38.6746,-24.8897,-2.5341,-26.0955,29.5690,262.5164
4095,-47.1554,-32.2855,-3.5951,-19.7444,6.5919,152.2110
4133,-22.3597,-18.8087,-3.6550,47.4617,-62.8585,-282.8424
4143,-0.4381,-2.9561,-2.4431,28.9884,-36.0340,-329.9875
4153,19.0693,10.5399,-2.5868,-16.2177,-16.8585,-317.6516
4163,35.0249,20.4481,-3.8418,-42.7826,4.5308,-260.5218
4173,45.9702,27.6188,-4.2873,-39.1184,23.9965,-145.4226
4183,47.0551,29.8533,-4.5770,-14.8742,17.7369,12.0431
4193,38.7732,26.3781,-4.1914,13.3243,22.7140,147.9362
4203,23.3708,19.3607,-3.3053,20.7136,38.4392,255.9209
4213,3.3915,8.7795,-3.2885,3.7213,53.8285,331.9210
4223,-18.0966,-5.0733,-3.4298,-16.7368,55.2026,369.1728
4233,-37.1083,-22.0779,-4.0046,-25.7597,27.1110,336.0736
4243,-50.3839,-33.3513,-6.4404,-19.4696,-3.1333,225.2492
4253,-56.2253,-39.4993,-6.8954,-7.7291,2.8973,75.3713
4263,-56.3067,-39.7555,-4.6992,0.6831,3.6911,-54.2470
4273,-51.8472,-35.6888,-1.6216,11.5075,-12.1714,-174.6439
4283,-38.5740,-25.8046,-0.1726,27.2022,-39.8966,-290.0790
4293,-18.3002,-12.0069,0.0861,28.9426,-38.0798,-368.4455
4303,3.9711,2.7153,1.6261,-1.3933,-6.2631,-398.4302
4313,25.4305,17.1549,1.5494,-56.7978,25.6453,-375.4531
4323,44.4972,28.6318,-0.8696,-92.9505,52.6072,-277.0256
4333,51.9529,34.1955,-1.9162,-76.4620,58.3171,-134.6592
4343,50.6046,35.2181,-2.0072,-36.9505,41.3247,8.3637
4353,42.2555,31.9466,-3.0802,0.3167,29.2789,154.5011
4363,27.2411,25.1303,-4.6848,3.9655,36.8667,270.0584
4373,7.5996,14.8701,-6.5434,-16.8589,49.5995,355.1728
4383,-15.5842,-0.4413,-7.4247,-44.2635,47.4774,411.8141
4393,-34.8977,-18.9548,-7.4415,-57.7749,13.6301,397.4630
4404,-49.1480,-32.2975,-9.8437,-43.5001,-33.4539,268.4858
4414,-52.9537,-37.8252,-11.3166,-16.1566,-37.3623,127.4171
4424,-51.8568,-38.2347,-11.5969,13.8434,-40.4310,-4.7050
4434,-47.4380,-35.2625,-9.7120,43.1258,-46.5379,-120.3081
4444,-36.9143,-28.0655,-6.1602,77.2480,-46.9348,-227.7126
4455,-19.4282,-15.3144,-2.9293,99.7671,-34.0646,-317.2241
4465,1.9210,-0.2281,-0.8911,69.2632,-30.8432,-349.4836
4475,22.2403,13.6103,-0.8600,3.3090,-27.8050,-325.7584
4485,39.4030,25.0130,-1.7916,-40.9200,-6.3394,-243.8195
4495,48.3987,31.1634,-2.3257,-39.1337,4.8667,-108.5065
4505,47.4886,32.1621,-1.2959,-3.3475,-5.0722,48.5774
4515,38.9767,28.4857,-0.9917,28.4235,-10.6142,188.0736
4525,24.1276,21.6863,-1.8371,21.5686,7.5232,294.9897
4535,3.3364,11.5482,-3.0586,-8.2940,27.3095,373.2645
4545,-21.2173,-5.1978,-4.3280,-35.4696,19.0041,415.0049
4555,-40.2242,-22.4851,-5.0680,-38.1261,-18.5379,372.6538
4565,-52.3741,-32.3885,-8.2654,-24.6299,-51.3623,265.5087
4575,-57.0037,-38.3664,-10.8496,-2.2482,-40.5226,116.1194
4585,-57.5138,-39.4634,-8.1480,21.8434,-22.4157,-30.0333
4595,-51.1527,-36.0529,-4.8429,42.3319,-35.7898,-154.5829
4605,-37.1897,-27.2009,-2.5533,60.1182,-52.5379,-269.8500
4615,-17.3350,-12.6080,-0.4025,65.1106,-42.3547,-350.2775
4625,8.3348,6.5114,1.4177,18.7900,-17.5302,-374.5981
4635,28.5344,19.8661,0.5028,-41.1642,-0.4310,-331.2241
4645,44.7559,28.2822,-3.3029,-75.6681,21.9812,-223.6210
4655,49.9292,31.2376,-4.9842,-47.2253,31.3858,-70.7661
4665,45.8648,30.5287,-3.4921,15.6144,12.7751,70.1805
4675,35.6429,26.6512,-2.1964,57.1258,6.0881,194.6996
4685,18.7891,18.9009,-0.9390,52.9426,22.7293,289.3561
4695,-3.4942,5.7211,0.1507,20.8816,32.2102,347.6920
4705,-19.2773,-6.8001,0.5028,3.4312,8.5614,349.8752
4716,-31.3602,-18.8901,-1.0516,5.8739,-52.8890,292.8065
4726,-34.7180,-23.7377,-3.1065,24.7747,-96.6600,200.7454
4736,-32.4380,-23.3712,-4.5627,46.4846,-138.3394,105.0354
4746,-27.0827,-21.5271,-5.8680,61.5686,-157.4692,43.3103
4756,-22.1178,-18.3393,-5.5973,73.8129,-157.9882,-0.1096
4766,-17.3134,-15.2545,-4.6297,85.4617,-155.6676,-35.9111
4776,-11.6684,-11.9709,-4.4405,99.5533,-145.9424,-67.0867
4786,-4.6773,-7.2935,-3.3221,105.4770,-103.2096,-97.8348
4797,-0.1196,-3.3010,-1.2096,78.6678,-67.2554,-107.0562
4807,3.8969,-1.1957,-1.8276,39.2327,-43.8508,-97.4226
4817,6.6464,-0.4653,-3.3628,18.6526,-2.5531,-83.3462
4827,7.4247,-0.3886,-3.6119,19.2480,44.9278,-65.8806
4837,6.4236,-0.4724,-2.8957,34.4846,79.4621,-40.9951
4847,4.2130,-1.1862,-1.8347,52.5609,96.7293,-8.3081
4857,1.8443,-2.9489,-1.1929,65.2785,102.4240,21.4324
4867,-0.5028,-4.9344,-0.6181,71.1258,105.4621,37.9362
4904,-5.3862,-7.5904,2.1410,58.3930,-46.7211,100.5011
4914,-4.7132,-8.6107,0.8117,68.5304,-73.3928,98.2110
4924,-4.0402,-7.7772,-0.1415,80.0571,-90.9959,86.7912
4934,-2.7541,-6.4025,-0.9654,91.0037,-106.4615,67.7835
4944,-1.9757,-5.2649,-1.2695,96.8968,-108.4005,45.8446
4954,-2.4859,-4.9152,-0.9845,94.3014,-106.8890,27.3103
4964,-3.6163,-5.0924,-0.4840,84.6373,-103.7440,17.7530
4974,-4.5049,-5.7199,-0.1654,69.0800,-105.1027,4.6538
4984,-4.0019,-6.0576,-0.4121,54.1029,-104.6295,-8.6287
4994,-3.6929,-5.9307,-0.2780,41.2480,-86.0035,-17.0256
5004,-2.9409,-5.3247,0.3303,31.6907,-72.1409,-19.7737
5014,-2.5050,-4.5296,0.3016,26.6678,-76.4157,-16.2623
5024,-2.2895,-3.7560,-0.0121,24.1335,-86.0035,-7.2241
5034,-2.0092,-3.3896,0.0334,23.7060,-98.3547,5.4171
5044,-0.9315,-3.4830,0.2010,27.6144,-100.1256,19.7225
5054,-0.4118,-3.4758,0.6369,33.0800,-91.1027,27.9973
5065,-0.3926,-3.6458,1.0489,39.2785,-70.9348,34.5622
5075,-0.7854,-3.8734,1.2429,38.8816,-55.2096,36.6996
5085,-1.2836,-4.0626,1.3363,32.7900,-48.4615,35.2339
5095,-1.6165,-3.9692,1.0225,20.8816,-54.6905,27.7683
5105,-1.6452,-3.7824,0.4285,10.9579,-63.1944,21.6767
5115,-1.5302,-3.4327,-0.2876,2.7747,-66.0340,18.8064
5125,-1.2668,-3.2411,-0.5774,1.4770,-60.9501,20.4858
5135,-0.8644,-3.2195,-0.5822,6.3319,-50.8585,24.2568
5145,-0.5698,-3.3513,-0.4313,14.6373,-36.5837,27.2187
5155,-0.4932,-3.4686,-0.1966,23.6296,-21.9577,28.0889
5165,-0.7207,-3.3536,0.3830,31.0190,-14.9959,27.2950
5175,-1.1351,-3.4926,1.0177,36.1029,-15.3165,26.8828
5185,-1.3123,-3.8015,1.3913,38.5762,-22.0493,26.0126
5195,-1.2524,-3.8590,1.3219,38.4388,-31.3470,23.5087
5205,-1.1566,-3.7009,0.4788,36.9274,-39.4844,19.0965
5215,-1.0632,-3.4111,-0.7666,32.6526,-39.4844,13.9973
5225,-0.7614,-3.2890,-1.5569,26.4541,-26.8890,8.8217
5235,-0.5028,-3.4087,-1.4539,21.3854,-6.9348,4.1500
5245,-0.5004,-3.4926,-0.6923,18.6526,11.7827,-0.5371
5255,-0.6010,-3.1644,0.2393,19.0495,21.4011,-5.2088
5265,-0.7423,-2.8315,0.9291,19.3701,16.1950,-8.9187
5275,-1.1207,-2.7956,1.3650,17.5380,-1.0569,-10.3233
5285,-0.9243,-2.8770,1.2908,13.4617,-22.3547,-8.2165
5295,-0.5076,-2.8172,1.0393,9.5533,-30.6905,-4.8424
5305,-0.3255,-2.7285,0.8165,6.7442,-29.1027,-1.6363
5315,-0.2753,-2.8148,0.5148,4.8968,-18.4005,-0.3386
5325,-0.3399,-3.0399,0.4836,2.9274,-3.7440,-2.7966
5335,-0.4118,-3.1812,0.7255,-0.6146,8.7751,-8.4913
5345,-0.6680,-3.0950,1.0560,-5.9581,14.5003,-15.0104
5355,-0.7399,-3.0710,1.4943,-11.5612,13.9660,-19.7584
5365,-0.9123,-3.2219,2.0332,-15.1184,8.2102,-21.3920
5375,-0.9171,-3.2626,2.0212,-15.8360,-1.9882,-19.1020
5385,-0.9171,-3.1812,1.7027,-14.2940,-7.5302,-15.7890
5395,-1.0848,-2.9585,1.4225,-13.1184,-11.6218,-13.0562
5405,-1.2740,-3.1165,1.3602,-12.8894,-11.7745,-10.1707
5415,-1.6739,-3.7033,1.8727,-12.8742,-9.2249,-6.7203
5425,-2.4356,-4.3691,2.8739,-13.0879,-10.5684,-4.0180
5435,-3.2020,-5.0445,3.7672,-15.5459,-14.9348,-4.4455
5445,-4.0043,-5.5307,4.5576,-21.2558,-20.9501,-10.0485
5455,-4.7108,-5.8588,4.8785,-29.3322,-28.8890,-19.0409
5465,-5.3671,-6.1391,5.0485,-38.2329,-38.1104,-29.7279
5475,-6.1886,-6.2301,5.3168,-43.0726,-45.3623,-38.7203
5485,-6.8999,-6.1989,5.4078,-43.0116,-51.9119,-45.3462
5495,-7.1178,-6.3259,5.2904,-38.8742,-52.3547,-49.3157
5505,-7.0915,-6.5366,5.2114,-31.0268,-44.7516,-54.4302
5515,-7.0005,-6.4504,5.1587,-24.9963,-36.7669,-61.7432
5525,-6.7921,-5.8948,4.7396,-23.4543,-31.4081,-70.4607
5535,-6.3011,-5.3200,3.9157,-27.0726,-24.7363,-76.5829
5545,-5.7694,-4.9487,3.0152,-35.3627,-10.2783,-80.8882
5555,-5.4772,-4.8577,2.5002,-47.6833,10.9583,-88.5371
5565,-5.2737,-4.7931,2.0524,-65.6986,38.4240,-103.9111
5575,-5.4054,-4.4841,2.3685,-87.3322,61.0499,-126.3081
5585,-4.6773,-3.8710,2.7421,-111.2711,70.6835,-154.1707
5595,-3.2666,-3.2914,2.7254,-124.4009,70.2560,-175.2088
5605,-0.8812,-1.6005,1.5782,-119.9429,65.5537,-189.0256
5615,1.3246,0.1958,-0.3642,-105.1642,67.3858,-187.7279
5625,4.0166,1.9944,-2.5604,-86.3398,72.3782,-176.7355
5635,6.6320,3.3356,-4.5890,-72.2787,89.7980,-162.7050
5645,9.1276,4.2697,-6.2416,-61.6070,113.0652,-140.5065
5655,10.3179,5.1008,-7.1086,-51.3169,137.3858,-108.2012
5696,12.9261,6.1618,-6.0763,49.6602,160.5614,23.4477
5706,13.9296,6.7964,-5.7003,74.2709,157.8438,57.0507
5716,14.6577,6.8036,-5.4129,85.0800,154.6377,92.3179
5726,14.7367,6.2576,-5.1087,86.8358,148.4545,124.6232
5736,14.2122,5.2421,-4.5986,85.0953,132.5614,161.5087
5746,13.3907,4.3823,-4.0549,87.8739,107.5385,191.2797
5757,12.9572,3.5512,-3.5759,102.4693,78.2713,219.9209
5767,12.4519,2.9836,-2.7281,123.3243,59.1568,244.7148
5777,11.1370,2.4088,-1.1091,144.4388,42.6835,272.4400
5787,9.1994,1.0963,1.2045,156.3472,26.5766,295.1881
5797,6.8451,-0.3263,3.7480,159.2785,7.1873,310.5316
5807,4.1124,-1.4137,6.0520,150.4083,-24.7516,321.8293
5818,2.1677,-1.8975,6.9861,129.7976,-47.6371,326.6080
5828,-0.3327,-2.0100,7.3190,95.3396,-56.8127,325.2339
5838,-3.1948,-2.5369,8.1453,61.4922,-51.8203,319.1423
5848,-6.7945,-3.4447,9.6063,31.6602,-43.8966,308.4553
5858,-10.4589,-4.0338,11.0289,5.5686,-39.1638,290.0431
5869,-13.8526,-4.3835,12.1881,-21.7902,-39.2554,259.3103
5879,-16.1015,-3.8877,12.2192,-47.5612,-35.8508,218.1805
5889,-17.9409,-2.5298,12.2767,-69.0574,-22.7363,178.1347
5899,-19.6246,-1.5478,12.6216,-90.5078,-8.3394,143.9362
5909,-20.9658,-1.1215,12.9329,-110.8589,2.5308,118.6080
5919,-21.9669,-0.9802,12.6623,-138.2940,9.9354,89.1271
5929,-22.2999,-1.6125,11.5702,-164.7978,8.9889,61.3713
5939,-22.0603,-2.4747,9.4218,-189.5307,3.4316,31.5393
5949,-21.7634,-3.3129,7.0292,-207.1337,1.0499,-2.2317
5959,-20.7622,-3.8159,4.3564,-216.9352,5.6606,-45.2852
5969,-20.3575,-3.3584,2.3733,-220.2329,19.6301,-84.9646
5980,-19.3420,-2.2855,0.5052,-224.2635,39.0652,-138.8729
5990,-17.7421,-0.9371,-0.9989,-230.1108,61.2789,-189.2699
6000,-16.0991,0.5598,-2.1174,-220.2940,77.9660,-215.0256
6010,-14.3987,2.1525,-2.5389,-196.5688,75.0805,-221.6668
6020,-11.8839,3.0219,-3.2239,-166.2329,55.1263,-221.0256
6030,-9.1464,3.6733,-4.4597,-133.3016,37.4774,-219.7737
6040,-6.6867,4.5236,-5.9015,-103.7597,31.6911,-218.0791
6050,-3.9013,5.1559,-7.3840,-78.5688,39.9812,-213.3462
6060,-1.9374,5.3618,-7.9612,-60.9047,57.1721,-205.7584
6070,-0.5938,5.1870,-7.6930,-42.3856,77.9507,-191.4226
6080,0.0648,5.0026,-7.2834,-30.4772,85.9354,-177.8195
6090,0.4025,4.3942,-6.3709,-18.9658,83.8286,-160.2622
6100,0.7833,3.4674,-5.4033,-8.6299,68.6988,-144.5218
6110,1.7054,2.8495,-5.3435,-0.7368,48.4240,-133.3157
6120,3.1377,2.8255,-6.0859,2.1487,33.8285,-127.5447
6130,4.6681,3.0291,-7.1206,2.8663,30.2255,-124.4302
6140,6.1697,3.2710,-7.6930,8.6220,38.1797,-120.5981
6150,7.4391,3.5272,-7.8055,18.8968,53.6301,-113.3310
6160,8.3277,3.5704,-7.4032,29.8739,70.8820,-98.5065
6170,9.0510,2.9740,-6.3158,39.7518,77.7827,-79.1630
6180,9.4629,2.1884,-4.7447,51.5991,69.5995,-58.2165
6190,9.4845,1.1226,-2.9915,66.2098,47.7522,-37.4836
6200,9.3000,0.0401,-2.0790,80.8510,19.4011,-19.3615
6210,9.2761,-0.6569,-2.2084,89.8129,-0.1562,-5.4378
6220,8.6558,-1.0161,-2.2275,91.0648,-4.4463,5.9515
6230,7.2667,-1.9023,-1.6503,86.5610,0.5003,17.8446
6240,5.6428,-3.1165,-0.7498,78.3777,13.9965,27.3255
6250,3.7460,-4.3667,0.8189,68.1793,30.6988,29.7683
6260,1.0157,-5.5690,3.2642,57.3854,42.9583,25.1423
6270,-1.2788,-6.9246,5.8006,49.1411,49.0805,17.6919
6280,-3.5684,-8.7305,8.6674,37.2632,48.3018,3.0813
6290,-5.0509,-9.4921,10.3487,13.2327,39.6148,-23.9111
6300,-5.2401,-8.6347,9.9487,-22.6604,33.6453,-56.6134
6310,-4.8641,-7.4755,8.2507,-71.7597,42.8209,-87.0409
6320,-5.1324,-7.4300,7.3023,-128.6757,60.3629,-107.2699
6330,-5.5347,-8.3808,6.3442,-181.5307,82.3629,-126.3539
6340,-6.3394,-9.1640,5.2425,-224.6604,108.7904,-155.4989
6350,-6.6436,-9.5879,3.5469,-256.3246,141.1415,-201.8195
6360,-6.7705,-8.6778,2.1601,-274.4314,178.0423,-262.7203
6370,-6.3802,-6.3235,1.6117,-277.3016,214.8820,-319.2699
6380,-4.6629,-3.4566,0.9698,-276.2788,248.0576,-350.9645
6390,-1.8823,-1.3011,0.2920,-286.0192,275.8896,-347.6821
6400,0.1319,-1.4065,0.5675,-304.8589,287.9965,-324.2470
6410,1.5210,-2.6998,0.4238,-324.5994,276.0576,-297.6516
6420,2.0743,-4.1943,-0.6444,-338.9200,246.4240,-277.9569
6430,2.4072,-5.1499,-2.7568,-340.1719,209.9049,-267.8042
6440,2.8766,-5.2289,-5.6883,-330.2940,186.3934,-263.4989
6481,6.5458,-7.0755,-7.9756,-236.6757,121.2331,-213.1478
6491,6.6703,-7.3174,-8.6462,-221.9734,79.7827,-184.5065
6502,6.7948,-7.6982,-10.6796,-212.3551,48.0423,-156.6134
6512,6.4021,-8.8790,-11.9417,-203.2864,38.0118,-137.3310
6522,5.6572,-10.1028,-12.4758,-195.1184,26.7293,-128.2775
6533,5.3435,-10.3950,-13.6614,-186.4162,9.5232,-124.4455
6543,5.7243,-10.7854,-14.9427,-179.5459,0.5919,-117.4684
6553,6.1338,-11.3003,-16.2073,-171.8055,-4.4615,-104.7813
6563,6.4955,-12.1314,-17.0359,-162.5536,-4.8585,-92.5676
6574,6.5506,-13.2906,-18.0562,-147.3780,-0.7516,-84.0485
6584,5.9949,-14.1145,-18.2263,-128.5078,7.4011,-86.4149
6594,5.4608,-14.1576,-18.0442,-111.9887,9.7064,-92.4607
6604,5.6931,-13.9396,-18.2790,-101.0268,11.9660,-97.6821
6614,6.3949,-13.7600,-18.5951,-97.6986,23.6759,-104.1707
6624,6.6416,-13.4175,-18.2790,-99.4390,43.3247,-112.5371
6634,6.7278,-12.5625,-17.4359,-103.1032,58.9583,-120.0638
6644,6.8595,-11.7985,-16.5186,-105.5917,68.9583,-125.7279
6654,7.0128,-11.1183,-15.7187,-104.0345,71.3247,-129.4684
6664,7.7936,-9.9950,-15.2085,-98.6299,70.9736,-132.5371
6674,8.9001,-9.1137,-14.7870,-92.4925,70.9278,-130.5065
6684,9.7934,-8.4910,-14.5523,-83.8360,69.2026,-123.8806
6694,10.1239,-8.2060,-14.2481,-72.2329,65.5537,-116.3997
6704,9.9659,-7.7365,-13.8673,-59.7291,56.1339,-111.1478
6714,10.0928,-6.9031,-13.8865,-48.3398,40.9736,-107.0714
6724,10.8424,-6.0145,-14.1164,-37.8818,24.2408,-98.7661
6734,11.9298,-5.4469,-14.2314,-25.0879,9.2484,-84.5371
6744,12.9524,-5.2649,-14.5212,-9.5917,-4.3394,-65.4836
6754,13.3189,-5.2745,-14.9738,6.4083,-16.0646,-45.1325
6764,13.4314,-5.1164,-15.4193,26.0113,-31.6066,-24.4455
6774,13.6590,-4.7380,-15.7498,56.5151,-50.3852,1.2645
6784,13.8602,-4.0506,-15.4792,91.1411,-71.6371,30.6996
6794,14.2266,-3.4423,-15.1127,127.0342,-100.9043,67.7072
6804,14.4326,-3.3034,-15.1702,160.6984,-131.7134,109.2645
6814,14.1595,-3.4566,-15.1295,191.0953,-159.8814,150.1500
6824,13.3524,-3.8326,-15.6804,222.6220,-184.3089,192.5622
6834,11.9417,-4.1153,-16.1713,249.9197,-194.7822,225.6462
6844,10.5670,-4.2661,-16.3534,273.8587,-193.9577,252.9286
6854,9.1084,-4.4769,-15.9941,291.0190,-185.1791,273.1881
6864,7.2619,-4.5847,-14.9906,309.9350,-168.1104,290.9744
6874,5.5614,-4.8481,-13.8051,326.8052,-151.7592,301.1118
6884,3.9280,-4.4027,-11.8986,344.3472,-138.1867,307.0202
6895,2.8311,-3.7919,-9.4270,360.7900,-135.7134,311.7988
6905,1.9234,-3.6219,-8.0163,362.4999,-135.0417,320.6080
6915,0.4720,-3.7488,-6.5505,346.2403,-138.3547,332.6690
6925,-0.2776,-4.1224,-6.3542,314.7900,-136.8279,338.8675
6935,-1.7410,-5.1236,-6.5769,277.4922,-116.6142,330.1652
6945,-3.0559,-5.2888,-6.3182,241.3396,-97.9730,307.1118
6955,-3.5828,-5.7343,-6.3254,213.8281,-80.0340,278.8675
6965,-4.1911,-6.2516,-6.3518,184.6220,-62.4615,239.7530
6975,-3.8750,-5.2002,-6.3278,163.1106,-56.8127,208.7148
6985,-2.9984,-3.6051,-6.3709,145.2022,-56.7211,194.8522
6995,-1.9134,-2.0484,-6.2009,130.7136,-64.6142,199.5851
7005,-0.8093,-0.6760,-5.9614,121.6755,-80.7821,218.7148
7015,0.2277,-0.3431,-6.4643,120.0724,-98.2020,242.6690
7025,0.3834,-0.8101,-7.5181,122.5762,-105.2402,259.8599
7035,-0.2226,-0.8389,-8.4139,125.6144,-106.4615,266.6843
7045,-0.5770,-1.0161,-9.3503,125.1869,-101.1486,266.5011
7055,-1.3291,-1.6508,-10.4377,121.9045,-85.4234,260.3790
7065,-2.4882,-2.8339,-11.3861,119.9197,-55.4234,246.8675
7075,-3.1972,-3.8805,-11.3526,123.0648,-26.6295,228.1500
7085,-3.5253,-3.0279,-10.5430,129.7365,-1.2707,202.0889
7095,-3.1157,-1.5765,-9.2497,132.1945,6.5003,193.7530
7105,-2.9720,-1.8544,-8.5743,134.5609,0.3018,199.3408
7115,-3.3265,-2.2855,-8.6366,142.1029,-4.4310,201.9057
7125,-3.1421,-2.2783,-9.4437,151.2938,7.3705,188.5774
7135,-3.1900,-2.4603,-10.1335,157.0190,39.2484,162.3332
7145,-3.9875,-1.8663,-9.6880,162.1945,96.7293,121.3255
7156,-4.7515,-0.3599,-7.4104,166.5915,142.3171,88.3026
7166,-5.1755,0.7466,-3.6454,177.7671,148.6072,65.5851
7176,-5.2329,2.4567,-1.4755,196.6526,129.9812,62.8217
7186,-5.4078,3.4243,0.6776,211.9655,104.2408,77.7530
7196,-5.9682,3.6829,1.6237,212.8510,75.5385,95.0812
7206,-6.9789,3.1321,2.1985,204.0571,65.2637,100.4400
7246,-12.1330,2.5213,7.2472,105.0342,31.6911,21.7225
7256,-12.0396,3.6063,6.5957,72.0724,14.8667,6.8064
7266,-11.2013,4.2793,5.1276,32.0419,0.6224,1.1729
7276,-10.2433,4.5403,3.9037,4.7594,-10.1256,8.5927
7286,-9.5679,4.2937,2.5290,-16.7368,-23.7440,20.7454
7296,-9.4865,2.9788,1.4009,-34.8436,-34.4157,32.8980
7306,-9.9439,1.3190,0.4812,-46.4467,-44.3241,41.1729
7316,-10.7008,-0.0988,-0.1870,-48.2940,-54.1715,38.6080
7326,-11.2516,-0.9993,-0.7857,-42.5078,-61.6982,25.3866
7336,-11.0504,-1.2125,-1.5378,-36.5383,-61.9272,2.9133
7346,-10.1858,-1.0113,-2.2251,-34.2177,-53.7745,-15.6363
7356,-9.0889,-0.1994,-2.9484,-30.2024,-43.0264,-25.2852
7366,-7.7956,0.0928,-3.3436,-22.9047,-33.3318,-25.7890
7376,-7.0819,0.1048,-3.5328,-15.6833,-28.1867,-19.4989
7386,-7.2759,-0.4054,-3.3843,-11.1490,-25.7592,-10.0333
7396,-7.9130,-1.2796,-3.2550,-8.8589,-24.3699,-5.8195
7406,-8.5860,-1.8232,-2.9604,-5.2100,-20.3699,-11.0409
7416,-8.8398,-2.1825,-2.7736,-3.6223,-19.0417,-21.9875
